
drop table Borrower cascade constraints;
drop table BorrowerType cascade constraints;
drop table Book cascade constraints;
drop table HasAuthor cascade constraints;
drop table HasSubject cascade constraints;
drop table BookCopy cascade constraints;
drop table HoldRequest cascade constraints;
drop table Borrowing cascade constraints;
drop table Fine cascade constraints;
drop sequence bor_seq;
drop trigger bor_trig;
drop sequence hold_seq;
drop trigger hold_trig;
drop sequence borrowing_seq;
drop trigger borrowing_trig;
drop sequence fine_seq;
drop trigger fine_trig;

create table BorrowerType (
Type char(20) not null PRIMARY KEY,
BookTimeLimit integer);

create table Borrower (
Bid integer not null PRIMARY KEY,
Password char(20),
Name char(20),
Address char(20),
Phone integer,
EmailAddress char(20),
SinOrStNo integer,
ExpiryDate date,
Type char(20), 
FOREIGN KEY (Type) REFERENCES BorrowerType);

Create SEQUENCE bor_seq;

Create or Replace TRIGGER bor_trig
Before insert on Borrower
for each row

begin
select bor_seq.NEXTVAL
into :new.Bid
from dual;
END;
/

create table Book (
CallNumber char(20) not null PRIMARY KEY,
ISBN integer,
Title char(20),
MainAuthor char(20),
Publisher char(20),
Year integer);

create table HasAuthor (
CallNumber char(20) not null,
Name char(20) not null,
PRIMARY KEY(CallNumber, Name),
FOREIGN KEY (CallNumber) REFERENCES Book);

create table HasSubject (
CallNumber char(20) not null,
Subject char(20) not null,
PRIMARY KEY (CallNumber, Subject),
FOREIGN KEY (CallNumber) REFERENCES Book);

create table BookCopy (
CallNumber char(20) not null,
CopyNo integer not null,
Status char(20),
PRIMARY KEY (CallNumber, CopyNo),
FOREIGN KEY (CallNumber) REFERENCES Book);

create table HoldRequest (
Hid integer not null PRIMARY KEY,
Bid integer,
CallNumber char(20),
IssuedDate date,
FOREIGN KEY (Bid) REFERENCES Borrower,
FOREIGN KEY (CallNumber) REFERENCES Book);

Create Sequence hold_seq;

Create or Replace TRIGGER hold_trig
Before insert on HoldRequest
for each row

begin
select hold_seq.NEXTVAL
into :new.Hid
from dual;
END;
/

create table Borrowing (
Borid integer not null PRIMARY KEY,
Bid integer,
CallNumber char(20),
CopyNo integer,
OutDate date,
InDate date,
FOREIGN KEY (Bid) REFERENCES Borrower,
FOREIGN KEY (CallNumber) REFERENCES Book);

Create Sequence borrowing_seq;

Create or Replace TRIGGER borrowing_trig
Before insert on Borrowing
for each row

begin
select borrowing_seq.NEXTVAL
into :new.Borid
from dual;
END;
/

create table Fine (
Fid integer not null PRIMARY KEY,
Amount integer,
IssuedDate date,
PaidDate date,
Borid integer,
FOREIGN KEY (Borid) REFERENCES Borrowing);

Create Sequence fine_seq;

Create or Replace TRIGGER fine_trig
Before insert on Fine
for each row

begin
select fine_seq.NEXTVAL
into :new.Fid
from dual;
END;
/

insert into BorrowerType values
('Student', 2);

insert into BorrowerType values ('Faculty', 12);

insert into BorrowerType values ('Staff', 6);

insert into Borrower(Password, Name, Address, Phone, EmailAddress, SinOrStNo, ExpiryDate,  Type) values ('ewer', 'May Smith', '123 Up St.', 1111111, 'may.smith@gee.com', 12345678, '01-Apr-15', 'Student');

insert into Borrower(Password, Name, Address, Phone, EmailAddress, SinOrStNo, ExpiryDate,  Type) values ('asdf', 'John Doe', '456 Down St.', 2222222, 'john.doe@gee.com', 21345678, '02-May-15', 'Staff');

insert into Borrower(Password, Name, Address, Phone, EmailAddress, SinOrStNo, ExpiryDate,  Type) values ('xxcv', 'Charles Dew', '789 Right St.', 3333333, 'charles.dew@gee.com', 87654321, '12-Aug-15', 'Faculty');

insert into Book values
('reed123', 123456, 'Blinded Cat', 'Mike Reed', 'BookPublisher', 2010);

insert into Book values
('dwight345', 342166, 'Cute Cuddle Bat', 'Leet Dwight', 'DreamBook', 2011);

insert into HasAuthor values ('reed123', 'Paul Tate');

insert into HasAuthor values ('reed123', 'Mike Reed');

insert into HasAuthor values ('dwight345', 'Amy Pitt');

insert into HasAuthor values ('dwight345', 'Leet Dwight');

insert into HasSubject values ('reed123', 'Fantasy');

insert into HasSubject values ('dwight345', 'Adventure');

insert into BookCopy values ('reed123', 1, 'in');

insert into BookCopy values ('reed123', 2, 'in');

insert into BookCopy values ('dwight345', 1, 'out');

insert into BookCopy values ('dwight345', 2, 'in');

insert into HoldRequest(Bid, CallNumber, issuedDate) values (1, 'dwight345', '01-Apr-15');

insert into Borrowing(bid, callnumber, copyno, outdate, indate) values (2, 'dwight345', 1, '31-Mar-15', '01-Apr-15');

insert into Fine(amount, issuedDate, paidDate, borid) values (10, '01-Jan-15', '01-Apr-15', 1);

