
drop table Borrower cascade constraints;
drop table BorrowerType cascade constraints;
drop table Book cascade constraints;
drop table HasAuthor cascade constraints;
drop table HasSubject cascade constraints;
drop table BookCopy cascade constraints;
drop table HoldRequest cascade constraints;
drop table Borrowing cascade constraints;
drop table Fine cascade constraints;
drop sequence bor_seq;
drop trigger bor_trig;
drop sequence hold_seq;
drop trigger hold_trig;
drop sequence borrowing_seq;
drop trigger borrowing_trig;
drop sequence fine_seq;
drop trigger fine_trig;

create table BorrowerType (
Type varchar(20) not null PRIMARY KEY,
BookTimeLimit integer not null);

create table Borrower (
Bid integer not null PRIMARY KEY,
Password varchar(20) not null,
Name varchar(20),
Address varchar(20),
Phone integer,
EmailAddress varchar(30) not null,
SinOrStNo integer,
ExpiryDate date not null,
Type varchar(20) not null, 
FOREIGN KEY (Type) REFERENCES BorrowerType);

Create SEQUENCE bor_seq;

Create or Replace TRIGGER bor_trig
Before insert on Borrower
for each row

begin
select bor_seq.NEXTVAL
into :new.Bid
from dual;
END;
/

create table Book (
CallNumber varchar(20) not null PRIMARY KEY,
ISBN integer not null,
Title varchar(20),
MainAuthor varchar(20),
Publisher varchar(20),
Year integer);

create table HasAuthor (
CallNumber varchar(20) not null,
Name varchar(20) not null,
PRIMARY KEY(CallNumber, Name),
FOREIGN KEY (CallNumber) REFERENCES Book ON DELETE CASCADE);

create table HasSubject (
CallNumber varchar(20) not null,
Subject varchar(20) not null,
PRIMARY KEY (CallNumber, Subject),
FOREIGN KEY (CallNumber) REFERENCES Book ON DELETE CASCADE);

create table BookCopy (
CallNumber varchar(20) not null,
CopyNo integer not null,
Status varchar(20) not null,
PRIMARY KEY (CallNumber, CopyNo),
FOREIGN KEY (CallNumber) REFERENCES Book ON DELETE CASCADE);

create table HoldRequest (
Hid integer not null PRIMARY KEY,
Bid integer not null,
CallNumber varchar(20) not null,
IssuedDate date not null,
FOREIGN KEY (Bid) REFERENCES Borrower,
FOREIGN KEY (CallNumber) REFERENCES Book ON DELETE CASCADE);

Create Sequence hold_seq;

Create or Replace TRIGGER hold_trig
Before insert on HoldRequest
for each row

begin
select hold_seq.NEXTVAL
into :new.Hid
from dual;
END;
/

create table Borrowing (
Borid integer not null PRIMARY KEY,
Bid integer not null,
CallNumber varchar(20) not null,
CopyNo integer not null,
OutDate date not null,
InDate date,
FOREIGN KEY (Bid) REFERENCES Borrower ON DELETE CASCADE,
FOREIGN KEY (CallNumber) REFERENCES Book ON DELETE CASCADE);

Create Sequence borrowing_seq;

Create or Replace TRIGGER borrowing_trig
Before insert on Borrowing
for each row

begin
select borrowing_seq.NEXTVAL
into :new.Borid
from dual;
END;
/

create table Fine (
Fid integer not null PRIMARY KEY,
Amount integer not null,
IssuedDate date not null,
PaidDate date,
Borid integer not null,
FOREIGN KEY (Borid) REFERENCES Borrowing ON DELETE CASCADE);

Create Sequence fine_seq;

Create or Replace TRIGGER fine_trig
Before insert on Fine
for each row

begin
select fine_seq.NEXTVAL
into :new.Fid
from dual;
END;
/

insert into BorrowerType values
('Student', 2);

insert into BorrowerType values ('Faculty', 12);

insert into BorrowerType values ('Staff', 6);

insert into Borrower(Password, Name, Address, Phone, EmailAddress, SinOrStNo, ExpiryDate,  Type) values ('ewer', 'May Smith', '123 Up St.', 1111111, 'may.smith@gee.com', 12345678, '15-Apr-02', 'Student');

insert into Borrower(Password, Name, Address, Phone, EmailAddress, SinOrStNo, ExpiryDate,  Type) values ('asdf', 'John Doe', '456 Down St.', 2222222, 'john.doe@gee.com', 21345678, '14-May-30', 'Staff');

insert into Borrower(Password, Name, Address, Phone, EmailAddress, SinOrStNo, ExpiryDate,  Type) values ('xxcv', 'varcharles Dew', '789 Right St.', 3333333, 'varcharles.dew@gee.com', 87654321, '14-Aug-28', 'Faculty');

insert into Borrower(Password, Name, Address, Phone, EmailAddress, SinOrStNo, ExpiryDate,  Type) values ('abcd', 'Peter Piper', '555 W 5th Ave.', 2012222, 'fluffykitty@hotmail.com', 1098921, '14-Jul-01', 'Student');

insert into Book values
('reed123', 123456, 'Blinded Cat', 'Mike Reed', 'BookPublisher', 2010);

insert into Book values
('dwight345', 342166, 'Cute Cuddle Bat', 'Leet Dwight', 'DreamBook', 2011);

insert into Book values
('rowling980', 980928, 'Harry Potter', 'J.K. Rowling', 'Penguin', 2000);

insert into Book values
('christie801', 801234, 'Death on the Nile', 'Agatha Christie', 'Penguin', 1990);

insert into HasAuthor values ('reed123', 'Paul Tate');

insert into HasAuthor values ('reed123', 'Mike Reed');

insert into HasAuthor values ('dwight345', 'Amy Pitt');

insert into HasAuthor values ('dwight345', 'Leet Dwight');

insert into HasAuthor values ('rowling980', 'J.K. Rowling');

insert into HasAuthor values ('christie801', 'Agatha Christie');

insert into HasSubject values ('reed123', 'Fantasy');

insert into HasSubject values ('dwight345', 'Adventure');

insert into HasSubject values ('rowling980', 'Fantasy');

insert into HasSubject values ('christie801', 'Mystery');

insert into BookCopy values ('reed123', 1, 'in');

insert into BookCopy values ('reed123', 2, 'in');

insert into BookCopy values ('dwight345', 1, 'out');

insert into BookCopy values ('dwight345', 2, 'on-hold');

insert into BookCopy values ('rowling980', 1, 'out');

insert into BookCopy values ('christie801', 1, 'out');

insert into HoldRequest(Bid, CallNumber, issuedDate) values (1, 'dwight345', '13-Apr-01');

insert into Borrowing(bid, callnumber, copyno, outdate, indate) values (2, 'dwight345', 1, '13-Mar-31', '14-Jan-01');

insert into Borrowing(bid, callnumber, copyno, outdate, indate) values (4, 'rowling980', 1, '14-Jan-02', null);

insert into Borrowing(bid, callnumber, copyno, outdate, indate) values (4, 'christie801', 1, '14-Mar-29', null);

insert into Fine(amount, issuedDate, paidDate, borid) values (10, '14-Jan-20', '14-Feb-11', 1);

